Model,tp,tn,fp,fn,day,tpr,fpr,fdr,accuracy
Decision Tree,1856,2473,207,867,0,0.681601175,0.077238806,0.100339312,0.801221544
Decision Tree,1788,2383,234,885,1,0.668911336,0.089415361,0.115727003,0.788468809
Decision Tree,1820,2337,277,854,2,0.680628272,0.105967865,0.132093467,0.786119516
Decision Tree,1693,2307,344,971,7,0.635510511,0.129762354,0.168875798,0.752587018
