Model,tp,tn,fp,fn,day,tpr,fpr,fdr,accuracy
Random Forest,2122,2599,110,643,0,0.767450271,0.040605389,0.049283154,0.862440628
Random Forest,2008,2497,138,712,1,0.738235294,0.052371917,0.064305685,0.841269841
Random Forest,1905,2494,161,790,2,0.706864564,0.060640301,0.077928364,0.822242991
Random Forest,1878,2419,226,849,7,0.688668867,0.085444234,0.107414449,0.79988831
